Workbook

Sheet Sequencial
A1: Exercício 3 – Multiplicação de matrizes 2048x2048 – Versão sequencial
A2: Ambiente: GitHub Codespaces – AMD EPYC 9V74, 2 núcleos físicos com SMT (4 threads de hardware), 16 GB RAM – gcc -O2 -fopenmp
A3: Técnicas de cache: ordem de laços i-k-j + blocagem (tiling) com blocos 64x64
A4: Média = média das 3 execuções.
A6: A versão sequencial não usa threads; seu tempo médio é a referência do speedup.
A8: Versão | B8: N | C8: t1 (s) | D8: t2 (s) | E8: t3 (s) | F8: Média (s) | G8: Checksum
A9: Sequencial | B9: 2048 | C9: 3.57245 | D9: 3.545996 | E9: 3.521688 | F9: =AVERAGE(C9:E9) | G9: 89308479485

Sheet Paralela
A1: Exercício 3 – Multiplicação de matrizes 2048x2048 – Versão paralela (OpenMP)
A2: Ambiente: GitHub Codespaces – AMD EPYC 9V74, 2 núcleos físicos com SMT (4 threads de hardware), 16 GB RAM – gcc -O2 -fopenmp
A3: Técnicas de cache: ordem de laços i-k-j + blocagem (tiling) com blocos 64x64
A4: Média = média das 3 execuções.
A6: Speedup = T(sequencial) / T(p threads). Paralelização: #pragma omp parallel for schedule(dynamic) no laço dos blocos de linhas.
A8: Threads | B8: t1 (s) | C8: t2 (s) | D8: t3 (s) | E8: Média (s) | F8: Speedup | G8: Ideal | H8: Eficiência | I8: Checksum
A9: 1 | B9: 3.561136 | C9: 3.564657 | D9: 3.470261 | E9: =AVERAGE(B9:D9) | F9: =Sequencial!$F$9/E9 | G9: =A9 | H9: =F9/A9 | I9: 89308479485
A10: 2 | B10: 1.871014 | C10: 1.750214 | D10: 1.844633 | E10: =AVERAGE(B10:D10) | F10: =Sequencial!$F$9/E10 | G10: =A10 | H10: =F10/A10 | I10: 89308479485
A11: 3 | B11: 1.858872 | C11: 1.796127 | D11: 1.796025 | E11: =AVERAGE(B11:D11) | F11: =Sequencial!$F$9/E11 | G11: =A11 | H11: =F11/A11 | I11: 89308479485
A12: 4 | B12: 1.840815 | C12: 1.820758 | D12: 1.816031 | E12: =AVERAGE(B12:D12) | F12: =Sequencial!$F$9/E12 | G12: =A12 | H12: =F12/A12 | I12: 89308479485
A13: 5 | B13: 1.803509 | C13: 1.760117 | D13: 1.770943 | E13: =AVERAGE(B13:D13) | F13: =Sequencial!$F$9/E13 | G13: =A13 | H13: =F13/A13 | I13: 89308479485
A14: 6 | B14: 1.810507 | C14: 1.83157 | D14: 1.786861 | E14: =AVERAGE(B14:D14) | F14: =Sequencial!$F$9/E14 | G14: =A14 | H14: =F14/A14 | I14: 89308479485
